<?xml version="1.0" encoding="UTF-8"?>
<OE_FILE filename="評価よ気候変動深さ5幅3.xml" ont_id="1706145773959ont" >
<FILENAME_ONT>評価よ気候変動深さ5幅3.xml</FILENAME_ONT>
<W_CONCEPTS>
<CANVAS_SIZE w="2000" h="109399" x="0" y="0" />
<CONCEPT id="1706145773959_n0" >
<LABEL>Any</LABEL>
<SUB_LABELS>
</SUB_LABELS>
<POS x="10" y="10"/>
<RELATIONS>
</RELATIONS>
</CONCEPT>
<CONCEPT id="1706145773959_n1" >
<LABEL>気候変動</LABEL>
<SUB_LABELS>
</SUB_LABELS>
<POS x="10" y="2921"/>
<RELATIONS>
</RELATIONS>
</CONCEPT>
<CONCEPT id="1706145773959_n2" >
<LABEL>温室効果ガス排出</LABEL>
<SUB_LABELS>
</SUB_LABELS>
<POS x="10" y="379"/>
<RELATIONS>
</RELATIONS>
</CONCEPT>
<CONCEPT id="1706145773959_n3" >
<LABEL>極端な気象イベント</LABEL>
<SUB_LABELS>
</SUB_LABELS>
<POS x="10" y="461"/>
<RELATIONS>
</RELATIONS>
</CONCEPT>
<CONCEPT id="1706145773959_n4" >
<LABEL>生態系の変化</LABEL>
<SUB_LABELS>
</SUB_LABELS>
<POS x="10" y="543"/>
<RELATIONS>
</RELATIONS>
</CONCEPT>
<CONCEPT id="1706145773959_n5" >
<LABEL>二酸化炭素</LABEL>
<SUB_LABELS>
</SUB_LABELS>
<POS x="10" y="625"/>
<RELATIONS>
</RELATIONS>
</CONCEPT>
<CONCEPT id="1706145773959_n6" >
<LABEL>メタン</LABEL>
<SUB_LABELS>
</SUB_LABELS>
<POS x="10" y="707"/>
<RELATIONS>
</RELATIONS>
</CONCEPT>
<CONCEPT id="1706145773959_n7" >
<LABEL>亜酸化窒素</LABEL>
<SUB_LABELS>
</SUB_LABELS>
<POS x="10" y="789"/>
<RELATIONS>
</RELATIONS>
</CONCEPT>
<CONCEPT id="1706145773959_n8" >
<LABEL>台風</LABEL>
<SUB_LABELS>
</SUB_LABELS>
<POS x="10" y="871"/>
<RELATIONS>
</RELATIONS>
</CONCEPT>
<CONCEPT id="1706145773959_n9" >
<LABEL>熱波</LABEL>
<SUB_LABELS>
</SUB_LABELS>
<POS x="10" y="953"/>
<RELATIONS>
</RELATIONS>
</CONCEPT>
<CONCEPT id="1706145773959_n10" >
<LABEL>大雪</LABEL>
<SUB_LABELS>
</SUB_LABELS>
<POS x="10" y="1035"/>
<RELATIONS>
</RELATIONS>
</CONCEPT>
<CONCEPT id="1706145773959_n11" >
<LABEL>生息地の変化</LABEL>
<SUB_LABELS>
</SUB_LABELS>
<POS x="10" y="1117"/>
<RELATIONS>
</RELATIONS>
</CONCEPT>
<CONCEPT id="1706145773959_n12" >
<LABEL>物種多様性の減少</LABEL>
<SUB_LABELS>
</SUB_LABELS>
<POS x="10" y="1199"/>
<RELATIONS>
</RELATIONS>
</CONCEPT>
<CONCEPT id="1706145773959_n13" >
<LABEL>生態系サービスの変質</LABEL>
<SUB_LABELS>
</SUB_LABELS>
<POS x="10" y="1281"/>
<RELATIONS>
</RELATIONS>
</CONCEPT>
<CONCEPT id="1706145773959_n14" >
<LABEL>液体二酸化炭素</LABEL>
<SUB_LABELS>
</SUB_LABELS>
<POS x="10" y="1363"/>
<RELATIONS>
</RELATIONS>
</CONCEPT>
<CONCEPT id="1706145773959_n15" >
<LABEL>固体二酸化炭素（ドライアイス）</LABEL>
<SUB_LABELS>
</SUB_LABELS>
<POS x="10" y="1445"/>
<RELATIONS>
</RELATIONS>
</CONCEPT>
<CONCEPT id="1706145773959_n16" >
<LABEL>溶存二酸化炭素</LABEL>
<SUB_LABELS>
</SUB_LABELS>
<POS x="10" y="1527"/>
<RELATIONS>
</RELATIONS>
</CONCEPT>
<CONCEPT id="1706145773959_n17" >
<LABEL>アルカン類</LABEL>
<SUB_LABELS>
</SUB_LABELS>
<POS x="10" y="1609"/>
<RELATIONS>
</RELATIONS>
</CONCEPT>
<CONCEPT id="1706145773959_n18" >
<LABEL>天然ガス成分</LABEL>
<SUB_LABELS>
</SUB_LABELS>
<POS x="10" y="1691"/>
<RELATIONS>
</RELATIONS>
</CONCEPT>
<CONCEPT id="1706145773959_n19" >
<LABEL>温室効果ガス</LABEL>
<SUB_LABELS>
</SUB_LABELS>
<POS x="10" y="1773"/>
<RELATIONS>
</RELATIONS>
</CONCEPT>
<CONCEPT id="1706145773959_n20" >
<LABEL>麻酔薬</LABEL>
<SUB_LABELS>
</SUB_LABELS>
<POS x="10" y="1855"/>
<RELATIONS>
</RELATIONS>
</CONCEPT>
<CONCEPT id="1706145773959_n21" >
<LABEL>酸化物</LABEL>
<SUB_LABELS>
</SUB_LABELS>
<POS x="10" y="1937"/>
<RELATIONS>
</RELATIONS>
</CONCEPT>
<CONCEPT id="1706145773959_n22" >
<LABEL>熱帯低気圧</LABEL>
<SUB_LABELS>
</SUB_LABELS>
<POS x="10" y="2019"/>
<RELATIONS>
</RELATIONS>
</CONCEPT>
<CONCEPT id="1706145773959_n23" >
<LABEL>熱帯性暴風</LABEL>
<SUB_LABELS>
</SUB_LABELS>
<POS x="10" y="2101"/>
<RELATIONS>
</RELATIONS>
</CONCEPT>
<CONCEPT id="1706145773959_n24" >
<LABEL>強烈な台風</LABEL>
<SUB_LABELS>
</SUB_LABELS>
<POS x="10" y="2183"/>
<RELATIONS>
</RELATIONS>
</CONCEPT>
<CONCEPT id="1706145773959_n25" >
<LABEL>熱帯夜</LABEL>
<SUB_LABELS>
</SUB_LABELS>
<POS x="10" y="2265"/>
<RELATIONS>
</RELATIONS>
</CONCEPT>
<CONCEPT id="1706145773959_n26" >
<LABEL>高温多湿</LABEL>
<SUB_LABELS>
</SUB_LABELS>
<POS x="10" y="2347"/>
<RELATIONS>
</RELATIONS>
</CONCEPT>
<CONCEPT id="1706145773959_n27" >
<LABEL>日射し強度</LABEL>
<SUB_LABELS>
</SUB_LABELS>
<POS x="10" y="2429"/>
<RELATIONS>
</RELATIONS>
</CONCEPT>
<CONCEPT id="1706145773959_n28" >
<LABEL>吹雪（ふぶき）</LABEL>
<SUB_LABELS>
</SUB_LABELS>
<POS x="10" y="2511"/>
<RELATIONS>
</RELATIONS>
</CONCEPT>
<CONCEPT id="1706145773959_n29" >
<LABEL>積雪（せきせつ）</LABEL>
<SUB_LABELS>
</SUB_LABELS>
<POS x="10" y="2593"/>
<RELATIONS>
</RELATIONS>
</CONCEPT>
<CONCEPT id="1706145773959_n30" >
<LABEL>雪崩（なだれ）</LABEL>
<SUB_LABELS>
</SUB_LABELS>
<POS x="10" y="2675"/>
<RELATIONS>
</RELATIONS>
</CONCEPT>
<CONCEPT id="1706145773959_n31" >
<LABEL>生息地破壊</LABEL>
<SUB_LABELS>
</SUB_LABELS>
<POS x="10" y="2757"/>
<RELATIONS>
</RELATIONS>
</CONCEPT>
<CONCEPT id="1706145773959_n32" >
<LABEL>環境汚染</LABEL>
<SUB_LABELS>
</SUB_LABELS>
<POS x="10" y="2839"/>
<RELATIONS>
</RELATIONS>
</CONCEPT>
<CONCEPT id="1706145773959_n33" >
<LABEL>生息地喪失</LABEL>
<SUB_LABELS>
</SUB_LABELS>
<POS x="10" y="3003"/>
<RELATIONS>
</RELATIONS>
</CONCEPT>
<CONCEPT id="1706145773959_n34" >
<LABEL>過剰採取</LABEL>
<SUB_LABELS>
</SUB_LABELS>
<POS x="10" y="3085"/>
<RELATIONS>
</RELATIONS>
</CONCEPT>
<CONCEPT id="1706145773959_n35" >
<LABEL>外来種の侵入</LABEL>
<SUB_LABELS>
</SUB_LABELS>
<POS x="10" y="3167"/>
<RELATIONS>
</RELATIONS>
</CONCEPT>
<CONCEPT id="1706145773959_n36" >
<LABEL>生態系の物質生産低下</LABEL>
<SUB_LABELS>
</SUB_LABELS>
<POS x="10" y="3249"/>
<RELATIONS>
</RELATIONS>
</CONCEPT>
<CONCEPT id="1706145773959_n37" >
<LABEL>生物多様性の喪失</LABEL>
<SUB_LABELS>
</SUB_LABELS>
<POS x="10" y="3331"/>
<RELATIONS>
</RELATIONS>
</CONCEPT>
<CONCEPT id="1706145773959_n38" >
<LABEL>生態系の浄化能力低下</LABEL>
<SUB_LABELS>
</SUB_LABELS>
<POS x="10" y="3413"/>
<RELATIONS>
</RELATIONS>
</CONCEPT>
<CONCEPT id="1706145773959_n39" >
<LABEL>超臨界二酸化炭素</LABEL>
<SUB_LABELS>
</SUB_LABELS>
<POS x="10" y="3495"/>
<RELATIONS>
</RELATIONS>
</CONCEPT>
<CONCEPT id="1706145773959_n40" >
<LABEL>冷却剤としての二酸化炭素</LABEL>
<SUB_LABELS>
</SUB_LABELS>
<POS x="10" y="3577"/>
<RELATIONS>
</RELATIONS>
</CONCEPT>
<CONCEPT id="1706145773959_n41" >
<LABEL>溶媒としての二酸化炭素</LABEL>
<SUB_LABELS>
</SUB_LABELS>
<POS x="10" y="3659"/>
<RELATIONS>
</RELATIONS>
</CONCEPT>
<CONCEPT id="1706145773959_n42" >
<LABEL>凍結剤</LABEL>
<SUB_LABELS>
</SUB_LABELS>
<POS x="10" y="3741"/>
<RELATIONS>
</RELATIONS>
</CONCEPT>
<CONCEPT id="1706145773959_n43" >
<LABEL>冷却材</LABEL>
<SUB_LABELS>
</SUB_LABELS>
<POS x="10" y="3823"/>
<RELATIONS>
</RELATIONS>
</CONCEPT>
<CONCEPT id="1706145773959_n44" >
<LABEL>昇華性物質</LABEL>
<SUB_LABELS>
</SUB_LABELS>
<POS x="10" y="3905"/>
<RELATIONS>
</RELATIONS>
</CONCEPT>
<CONCEPT id="1706145773959_n45" >
<LABEL>海洋性溶存二酸化炭素</LABEL>
<SUB_LABELS>
</SUB_LABELS>
<POS x="10" y="3987"/>
<RELATIONS>
</RELATIONS>
</CONCEPT>
<CONCEPT id="1706145773959_n46" >
<LABEL>生物起源溶存二酸化炭素</LABEL>
<SUB_LABELS>
</SUB_LABELS>
<POS x="10" y="4069"/>
<RELATIONS>
</RELATIONS>
</CONCEPT>
<CONCEPT id="1706145773959_n47" >
<LABEL>工業由来溶存二酸化炭素</LABEL>
<SUB_LABELS>
</SUB_LABELS>
<POS x="10" y="4151"/>
<RELATIONS>
</RELATIONS>
</CONCEPT>
<CONCEPT id="1706145773959_n48" >
<LABEL>直鎖アルカン</LABEL>
<SUB_LABELS>
</SUB_LABELS>
<POS x="10" y="4233"/>
<RELATIONS>
</RELATIONS>
</CONCEPT>
<CONCEPT id="1706145773959_n49" >
<LABEL>分岐アルカン</LABEL>
<SUB_LABELS>
</SUB_LABELS>
<POS x="10" y="4315"/>
<RELATIONS>
</RELATIONS>
</CONCEPT>
<CONCEPT id="1706145773959_n50" >
<LABEL>環状アルカン</LABEL>
<SUB_LABELS>
</SUB_LABELS>
<POS x="10" y="4397"/>
<RELATIONS>
</RELATIONS>
</CONCEPT>
<CONCEPT id="1706145773959_n51" >
<LABEL>エタン</LABEL>
<SUB_LABELS>
</SUB_LABELS>
<POS x="10" y="4479"/>
<RELATIONS>
</RELATIONS>
</CONCEPT>
<CONCEPT id="1706145773959_n52" >
<LABEL>プロパン</LABEL>
<SUB_LABELS>
</SUB_LABELS>
<POS x="10" y="4561"/>
<RELATIONS>
</RELATIONS>
</CONCEPT>
<CONCEPT id="1706145773959_n53" >
<LABEL>二酸化炭素(CO2)</LABEL>
<SUB_LABELS>
</SUB_LABELS>
<POS x="10" y="4643"/>
<RELATIONS>
</RELATIONS>
</CONCEPT>
<CONCEPT id="1706145773959_n54" >
<LABEL>メタン(CH4)</LABEL>
<SUB_LABELS>
</SUB_LABELS>
<POS x="10" y="4725"/>
<RELATIONS>
</RELATIONS>
</CONCEPT>
<CONCEPT id="1706145773959_n55" >
<LABEL>一酸化二窒素(N2O)</LABEL>
<SUB_LABELS>
</SUB_LABELS>
<POS x="10" y="4807"/>
<RELATIONS>
</RELATIONS>
</CONCEPT>
<CONCEPT id="1706145773959_n56" >
<LABEL>吸入麻酔薬</LABEL>
<SUB_LABELS>
</SUB_LABELS>
<POS x="10" y="4889"/>
<RELATIONS>
</RELATIONS>
</CONCEPT>
<CONCEPT id="1706145773959_n57" >
<LABEL>静脈麻酔薬</LABEL>
<SUB_LABELS>
</SUB_LABELS>
<POS x="10" y="4971"/>
<RELATIONS>
</RELATIONS>
</CONCEPT>
<CONCEPT id="1706145773959_n58" >
<LABEL>局所麻酔薬</LABEL>
<SUB_LABELS>
</SUB_LABELS>
<POS x="10" y="5053"/>
<RELATIONS>
</RELATIONS>
</CONCEPT>
<CONCEPT id="1706145773959_n59" >
<LABEL>金属酸化物</LABEL>
<SUB_LABELS>
</SUB_LABELS>
<POS x="10" y="5135"/>
<RELATIONS>
</RELATIONS>
</CONCEPT>
<CONCEPT id="1706145773959_n60" >
<LABEL>非金属酸化物</LABEL>
<SUB_LABELS>
</SUB_LABELS>
<POS x="10" y="5217"/>
<RELATIONS>
</RELATIONS>
</CONCEPT>
<CONCEPT id="1706145773959_n61" >
<LABEL>遷移金属酸化物</LABEL>
<SUB_LABELS>
</SUB_LABELS>
<POS x="10" y="5299"/>
<RELATIONS>
</RELATIONS>
</CONCEPT>
<CONCEPT id="1706145773959_n62" >
<LABEL>トロピカルデプレッション</LABEL>
<SUB_LABELS>
</SUB_LABELS>
<POS x="10" y="5381"/>
<RELATIONS>
</RELATIONS>
</CONCEPT>
<CONCEPT id="1706145773959_n63" >
<LABEL>トロピカルストーム</LABEL>
<SUB_LABELS>
</SUB_LABELS>
<POS x="10" y="5463"/>
<RELATIONS>
</RELATIONS>
</CONCEPT>
<CONCEPT id="1706145773959_n64" >
<LABEL>ハリケーン/タイフーン(地域による呼称の違いに注意)</LABEL>
<SUB_LABELS>
</SUB_LABELS>
<POS x="10" y="5545"/>
<RELATIONS>
</RELATIONS>
</CONCEPT>
<CONCEPT id="1706145773959_n65" >
<LABEL>トロピカルストーム(TropicalStorm)</LABEL>
<SUB_LABELS>
</SUB_LABELS>
<POS x="10" y="5627"/>
<RELATIONS>
</RELATIONS>
</CONCEPT>
<CONCEPT id="1706145773959_n66" >
<LABEL>ハリケーン(Hurricane)</LABEL>
<SUB_LABELS>
</SUB_LABELS>
<POS x="10" y="5709"/>
<RELATIONS>
</RELATIONS>
</CONCEPT>
<CONCEPT id="1706145773959_n67" >
<LABEL>台風(Typhoon)</LABEL>
<SUB_LABELS>
</SUB_LABELS>
<POS x="10" y="5791"/>
<RELATIONS>
</RELATIONS>
</CONCEPT>
<CONCEPT id="1706145773959_n68" >
<LABEL>スーパータイフーン(SuperTyphoon)</LABEL>
<SUB_LABELS>
</SUB_LABELS>
<POS x="10" y="5873"/>
<RELATIONS>
</RELATIONS>
</CONCEPT>
<CONCEPT id="1706145773959_n69" >
<LABEL>メジャーハリケーン(MajorHurricane)</LABEL>
<SUB_LABELS>
</SUB_LABELS>
<POS x="10" y="5955"/>
<RELATIONS>
</RELATIONS>
</CONCEPT>
<CONCEPT id="1706145773959_n70" >
<LABEL>カテゴリー5台風(Category5Typhoon)</LABEL>
<SUB_LABELS>
</SUB_LABELS>
<POS x="10" y="6037"/>
<RELATIONS>
</RELATIONS>
</CONCEPT>
<CONCEPT id="1706145773959_n71" >
<LABEL>連続熱帯夜</LABEL>
<SUB_LABELS>
</SUB_LABELS>
<POS x="10" y="6119"/>
<RELATIONS>
</RELATIONS>
</CONCEPT>
<CONCEPT id="1706145773959_n72" >
<LABEL>極端熱帯夜</LABEL>
<SUB_LABELS>
</SUB_LABELS>
<POS x="10" y="6201"/>
<RELATIONS>
</RELATIONS>
</CONCEPT>
<CONCEPT id="1706145773959_n73" >
<LABEL>都市熱帯夜</LABEL>
<SUB_LABELS>
</SUB_LABELS>
<POS x="10" y="6283"/>
<RELATIONS>
</RELATIONS>
</CONCEPT>
<CONCEPT id="1706145773959_n74" >
<LABEL>湿潤熱帯気候</LABEL>
<SUB_LABELS>
</SUB_LABELS>
<POS x="10" y="6365"/>
<RELATIONS>
</RELATIONS>
</CONCEPT>
<CONCEPT id="1706145773959_n75" >
<LABEL>亜熱帯モンスーン気候</LABEL>
<SUB_LABELS>
</SUB_LABELS>
<POS x="10" y="6447"/>
<RELATIONS>
</RELATIONS>
</CONCEPT>
<CONCEPT id="1706145773959_n76" >
<LABEL>温室環境</LABEL>
<SUB_LABELS>
</SUB_LABELS>
<POS x="10" y="6529"/>
<RELATIONS>
</RELATIONS>
</CONCEPT>
<CONCEPT id="1706145773959_n77" >
<LABEL>直達日射</LABEL>
<SUB_LABELS>
</SUB_LABELS>
<POS x="10" y="6611"/>
<RELATIONS>
</RELATIONS>
</CONCEPT>
<CONCEPT id="1706145773959_n78" >
<LABEL>散乱日射</LABEL>
<SUB_LABELS>
</SUB_LABELS>
<POS x="10" y="6693"/>
<RELATIONS>
</RELATIONS>
</CONCEPT>
<CONCEPT id="1706145773959_n79" >
<LABEL>反射日射</LABEL>
<SUB_LABELS>
</SUB_LABELS>
<POS x="10" y="6775"/>
<RELATIONS>
</RELATIONS>
</CONCEPT>
<CONCEPT id="1706145773959_n80" >
<LABEL>吹雪現象</LABEL>
<SUB_LABELS>
</SUB_LABELS>
<POS x="10" y="6857"/>
<RELATIONS>
</RELATIONS>
</CONCEPT>
<CONCEPT id="1706145773959_n81" >
<LABEL>風吹雪</LABEL>
<SUB_LABELS>
</SUB_LABELS>
<POS x="10" y="6939"/>
<RELATIONS>
</RELATIONS>
</CONCEPT>
<CONCEPT id="1706145773959_n82" >
<LABEL>地吹雪</LABEL>
<SUB_LABELS>
</SUB_LABELS>
<POS x="10" y="7021"/>
<RELATIONS>
</RELATIONS>
</CONCEPT>
<CONCEPT id="1706145773959_n83" >
<LABEL>新雪（しんせつ）</LABEL>
<SUB_LABELS>
</SUB_LABELS>
<POS x="10" y="7103"/>
<RELATIONS>
</RELATIONS>
</CONCEPT>
<CONCEPT id="1706145773959_n84" >
<LABEL>圧雪（あっせつ）</LABEL>
<SUB_LABELS>
</SUB_LABELS>
<POS x="10" y="7185"/>
<RELATIONS>
</RELATIONS>
</CONCEPT>
<CONCEPT id="1706145773959_n85" >
<LABEL>融雪（ゆうせつ）</LABEL>
<SUB_LABELS>
</SUB_LABELS>
<POS x="10" y="7267"/>
<RELATIONS>
</RELATIONS>
</CONCEPT>
<CONCEPT id="1706145773959_n86" >
<LABEL>粉雪なだれ（PowderSnowAvalanche）</LABEL>
<SUB_LABELS>
</SUB_LABELS>
<POS x="10" y="7349"/>
<RELATIONS>
</RELATIONS>
</CONCEPT>
<CONCEPT id="1706145773959_n87" >
<LABEL>スラブなだれ（SlabAvalanche）</LABEL>
<SUB_LABELS>
</SUB_LABELS>
<POS x="10" y="7431"/>
<RELATIONS>
</RELATIONS>
</CONCEPT>
<CONCEPT id="1706145773959_n88" >
<LABEL>氷破片なだれ（IceAvalanche）</LABEL>
<SUB_LABELS>
</SUB_LABELS>
<POS x="10" y="7513"/>
<RELATIONS>
</RELATIONS>
</CONCEPT>
<CONCEPT id="1706145773959_n89" >
<LABEL>森林伐採</LABEL>
<SUB_LABELS>
</SUB_LABELS>
<POS x="10" y="7595"/>
<RELATIONS>
</RELATIONS>
</CONCEPT>
<CONCEPT id="1706145773959_n90" >
<LABEL>湿地干拓</LABEL>
<SUB_LABELS>
</SUB_LABELS>
<POS x="10" y="7677"/>
<RELATIONS>
</RELATIONS>
</CONCEPT>
<CONCEPT id="1706145773959_n91" >
<LABEL>都市開発</LABEL>
<SUB_LABELS>
</SUB_LABELS>
<POS x="10" y="7759"/>
<RELATIONS>
</RELATIONS>
</CONCEPT>
<CONCEPT id="1706145773959_n92" >
<LABEL>空気汚染</LABEL>
<SUB_LABELS>
</SUB_LABELS>
<POS x="10" y="7841"/>
<RELATIONS>
</RELATIONS>
</CONCEPT>
<CONCEPT id="1706145773959_n93" >
<LABEL>水質汚染</LABEL>
<SUB_LABELS>
</SUB_LABELS>
<POS x="10" y="7923"/>
<RELATIONS>
</RELATIONS>
</CONCEPT>
<CONCEPT id="1706145773959_n94" >
<LABEL>土壌汚染</LABEL>
<SUB_LABELS>
</SUB_LABELS>
<POS x="10" y="8005"/>
<RELATIONS>
</RELATIONS>
</CONCEPT>
<CONCEPT id="1706145773959_n95" >
<LABEL>気温上昇</LABEL>
<SUB_LABELS>
</SUB_LABELS>
<POS x="10" y="8087"/>
<RELATIONS>
</RELATIONS>
</CONCEPT>
<CONCEPT id="1706145773959_n96" >
<LABEL>海面上昇</LABEL>
<SUB_LABELS>
</SUB_LABELS>
<POS x="10" y="8169"/>
<RELATIONS>
</RELATIONS>
</CONCEPT>
<CONCEPT id="1706145773959_n97" >
<LABEL>農地拡大</LABEL>
<SUB_LABELS>
</SUB_LABELS>
<POS x="10" y="8251"/>
<RELATIONS>
</RELATIONS>
</CONCEPT>
<CONCEPT id="1706145773959_n98" >
<LABEL>乱獲(Overhunting)</LABEL>
<SUB_LABELS>
</SUB_LABELS>
<POS x="10" y="8333"/>
<RELATIONS>
</RELATIONS>
</CONCEPT>
<CONCEPT id="1706145773959_n99" >
<LABEL>過剰漁獲(Overfishing)</LABEL>
<SUB_LABELS>
</SUB_LABELS>
<POS x="10" y="8415"/>
<RELATIONS>
</RELATIONS>
</CONCEPT>
<CONCEPT id="1706145773959_n100" >
<LABEL>林業過剰伐採(Overlogging)</LABEL>
<SUB_LABELS>
</SUB_LABELS>
<POS x="10" y="8497"/>
<RELATIONS>
</RELATIONS>
</CONCEPT>
<CONCEPT id="1706145773959_n101" >
<LABEL>自然拡散</LABEL>
<SUB_LABELS>
</SUB_LABELS>
<POS x="10" y="8579"/>
<RELATIONS>
</RELATIONS>
</CONCEPT>
<CONCEPT id="1706145773959_n102" >
<LABEL>人為的導入</LABEL>
<SUB_LABELS>
</SUB_LABELS>
<POS x="10" y="8661"/>
<RELATIONS>
</RELATIONS>
</CONCEPT>
<CONCEPT id="1706145773959_n103" >
<LABEL>遺伝子交雑</LABEL>
<SUB_LABELS>
</SUB_LABELS>
<POS x="10" y="8743"/>
<RELATIONS>
</RELATIONS>
</CONCEPT>
<CONCEPT id="1706145773959_n104" >
<LABEL>土壌劣化</LABEL>
<SUB_LABELS>
</SUB_LABELS>
<POS x="10" y="8825"/>
<RELATIONS>
</RELATIONS>
</CONCEPT>
<CONCEPT id="1706145773959_n105" >
<LABEL>大気汚染</LABEL>
<SUB_LABELS>
</SUB_LABELS>
<POS x="10" y="8907"/>
<RELATIONS>
</RELATIONS>
</CONCEPT>
<CONCEPT id="1706145773959_n106" >
<LABEL>侵略的外来種</LABEL>
<SUB_LABELS>
</SUB_LABELS>
<POS x="10" y="8989"/>
<RELATIONS>
</RELATIONS>
</CONCEPT>
<CONCEPT id="1706145773959_n107" >
<LABEL>オーバーエクスプロイテーション</LABEL>
<SUB_LABELS>
</SUB_LABELS>
<POS x="10" y="9071"/>
<RELATIONS>
</RELATIONS>
</CONCEPT>
<CONCEPT id="1706145773959_n108" >
<LABEL>汚染物質の累積</LABEL>
<SUB_LABELS>
</SUB_LABELS>
<POS x="10" y="9153"/>
<RELATIONS>
</RELATIONS>
</CONCEPT>
<CONCEPT id="1706145773959_n109" >
<LABEL>生物多様性の損失</LABEL>
<SUB_LABELS>
</SUB_LABELS>
<POS x="10" y="9235"/>
<RELATIONS>
</RELATIONS>
</CONCEPT>
<CONCEPT id="1706145773959_n110" >
<LABEL>自然浄化プロセスの阻害</LABEL>
<SUB_LABELS>
</SUB_LABELS>
<POS x="10" y="9317"/>
<RELATIONS>
</RELATIONS>
</CONCEPT>
<ISA id="1706145773959_isa111" parent="Any" child="気候変動" />
<ISA id="1706145773959_isa112" parent="気候変動" child="温室効果ガス排出" />
<ISA id="1706145773959_isa113" parent="気候変動" child="極端な気象イベント" />
<ISA id="1706145773959_isa114" parent="気候変動" child="生態系の変化" />
<ISA id="1706145773959_isa115" parent="温室効果ガス排出" child="二酸化炭素" />
<ISA id="1706145773959_isa116" parent="温室効果ガス排出" child="メタン" />
<ISA id="1706145773959_isa117" parent="温室効果ガス排出" child="亜酸化窒素" />
<ISA id="1706145773959_isa118" parent="極端な気象イベント" child="台風" />
<ISA id="1706145773959_isa119" parent="極端な気象イベント" child="熱波" />
<ISA id="1706145773959_isa120" parent="極端な気象イベント" child="大雪" />
<ISA id="1706145773959_isa121" parent="生態系の変化" child="生息地の変化" />
<ISA id="1706145773959_isa122" parent="生態系の変化" child="物種多様性の減少" />
<ISA id="1706145773959_isa123" parent="生態系の変化" child="生態系サービスの変質" />
<ISA id="1706145773959_isa124" parent="二酸化炭素" child="液体二酸化炭素" />
<ISA id="1706145773959_isa125" parent="二酸化炭素" child="固体二酸化炭素（ドライアイス）" />
<ISA id="1706145773959_isa126" parent="二酸化炭素" child="溶存二酸化炭素" />
<ISA id="1706145773959_isa127" parent="メタン" child="アルカン類" />
<ISA id="1706145773959_isa128" parent="メタン" child="天然ガス成分" />
<ISA id="1706145773959_isa129" parent="メタン" child="温室効果ガス" />
<ISA id="1706145773959_isa130" parent="亜酸化窒素" child="麻酔薬" />
<ISA id="1706145773959_isa131" parent="亜酸化窒素" child="酸化物" />
<ISA id="1706145773959_isa132" parent="台風" child="熱帯低気圧" />
<ISA id="1706145773959_isa133" parent="台風" child="熱帯性暴風" />
<ISA id="1706145773959_isa134" parent="台風" child="強烈な台風" />
<ISA id="1706145773959_isa135" parent="熱波" child="熱帯夜" />
<ISA id="1706145773959_isa136" parent="熱波" child="高温多湿" />
<ISA id="1706145773959_isa137" parent="熱波" child="日射し強度" />
<ISA id="1706145773959_isa138" parent="大雪" child="吹雪（ふぶき）" />
<ISA id="1706145773959_isa139" parent="大雪" child="積雪（せきせつ）" />
<ISA id="1706145773959_isa140" parent="大雪" child="雪崩（なだれ）" />
<ISA id="1706145773959_isa141" parent="生息地の変化" child="生息地破壊" />
<ISA id="1706145773959_isa142" parent="生息地の変化" child="環境汚染" />
<ISA id="1706145773959_isa143" parent="物種多様性の減少" child="生息地喪失" />
<ISA id="1706145773959_isa144" parent="物種多様性の減少" child="過剰採取" />
<ISA id="1706145773959_isa145" parent="物種多様性の減少" child="外来種の侵入" />
<ISA id="1706145773959_isa146" parent="生態系サービスの変質" child="生態系の物質生産低下" />
<ISA id="1706145773959_isa147" parent="生態系サービスの変質" child="生物多様性の喪失" />
<ISA id="1706145773959_isa148" parent="生態系サービスの変質" child="生態系の浄化能力低下" />
<ISA id="1706145773959_isa149" parent="液体二酸化炭素" child="超臨界二酸化炭素" />
<ISA id="1706145773959_isa150" parent="液体二酸化炭素" child="冷却剤としての二酸化炭素" />
<ISA id="1706145773959_isa151" parent="液体二酸化炭素" child="溶媒としての二酸化炭素" />
<ISA id="1706145773959_isa152" parent="固体二酸化炭素（ドライアイス）" child="凍結剤" />
<ISA id="1706145773959_isa153" parent="固体二酸化炭素（ドライアイス）" child="冷却材" />
<ISA id="1706145773959_isa154" parent="固体二酸化炭素（ドライアイス）" child="昇華性物質" />
<ISA id="1706145773959_isa155" parent="溶存二酸化炭素" child="海洋性溶存二酸化炭素" />
<ISA id="1706145773959_isa156" parent="溶存二酸化炭素" child="生物起源溶存二酸化炭素" />
<ISA id="1706145773959_isa157" parent="溶存二酸化炭素" child="工業由来溶存二酸化炭素" />
<ISA id="1706145773959_isa158" parent="アルカン類" child="直鎖アルカン" />
<ISA id="1706145773959_isa159" parent="アルカン類" child="分岐アルカン" />
<ISA id="1706145773959_isa160" parent="アルカン類" child="環状アルカン" />
<ISA id="1706145773959_isa161" parent="天然ガス成分" child="エタン" />
<ISA id="1706145773959_isa162" parent="天然ガス成分" child="プロパン" />
<ISA id="1706145773959_isa163" parent="温室効果ガス" child="二酸化炭素(CO2)" />
<ISA id="1706145773959_isa164" parent="温室効果ガス" child="メタン(CH4)" />
<ISA id="1706145773959_isa165" parent="温室効果ガス" child="一酸化二窒素(N2O)" />
<ISA id="1706145773959_isa166" parent="麻酔薬" child="吸入麻酔薬" />
<ISA id="1706145773959_isa167" parent="麻酔薬" child="静脈麻酔薬" />
<ISA id="1706145773959_isa168" parent="麻酔薬" child="局所麻酔薬" />
<ISA id="1706145773959_isa169" parent="酸化物" child="金属酸化物" />
<ISA id="1706145773959_isa170" parent="酸化物" child="非金属酸化物" />
<ISA id="1706145773959_isa171" parent="酸化物" child="遷移金属酸化物" />
<ISA id="1706145773959_isa172" parent="熱帯低気圧" child="トロピカルデプレッション" />
<ISA id="1706145773959_isa173" parent="熱帯低気圧" child="トロピカルストーム" />
<ISA id="1706145773959_isa174" parent="熱帯低気圧" child="ハリケーン/タイフーン(地域による呼称の違いに注意)" />
<ISA id="1706145773959_isa175" parent="熱帯性暴風" child="トロピカルストーム(TropicalStorm)" />
<ISA id="1706145773959_isa176" parent="熱帯性暴風" child="ハリケーン(Hurricane)" />
<ISA id="1706145773959_isa177" parent="熱帯性暴風" child="台風(Typhoon)" />
<ISA id="1706145773959_isa178" parent="強烈な台風" child="スーパータイフーン(SuperTyphoon)" />
<ISA id="1706145773959_isa179" parent="強烈な台風" child="メジャーハリケーン(MajorHurricane)" />
<ISA id="1706145773959_isa180" parent="強烈な台風" child="カテゴリー5台風(Category5Typhoon)" />
<ISA id="1706145773959_isa181" parent="熱帯夜" child="連続熱帯夜" />
<ISA id="1706145773959_isa182" parent="熱帯夜" child="極端熱帯夜" />
<ISA id="1706145773959_isa183" parent="熱帯夜" child="都市熱帯夜" />
<ISA id="1706145773959_isa184" parent="高温多湿" child="湿潤熱帯気候" />
<ISA id="1706145773959_isa185" parent="高温多湿" child="亜熱帯モンスーン気候" />
<ISA id="1706145773959_isa186" parent="高温多湿" child="温室環境" />
<ISA id="1706145773959_isa187" parent="日射し強度" child="直達日射" />
<ISA id="1706145773959_isa188" parent="日射し強度" child="散乱日射" />
<ISA id="1706145773959_isa189" parent="日射し強度" child="反射日射" />
<ISA id="1706145773959_isa190" parent="吹雪（ふぶき）" child="吹雪現象" />
<ISA id="1706145773959_isa191" parent="吹雪（ふぶき）" child="風吹雪" />
<ISA id="1706145773959_isa192" parent="吹雪（ふぶき）" child="地吹雪" />
<ISA id="1706145773959_isa193" parent="積雪（せきせつ）" child="新雪（しんせつ）" />
<ISA id="1706145773959_isa194" parent="積雪（せきせつ）" child="圧雪（あっせつ）" />
<ISA id="1706145773959_isa195" parent="積雪（せきせつ）" child="融雪（ゆうせつ）" />
<ISA id="1706145773959_isa196" parent="雪崩（なだれ）" child="粉雪なだれ（PowderSnowAvalanche）" />
<ISA id="1706145773959_isa197" parent="雪崩（なだれ）" child="スラブなだれ（SlabAvalanche）" />
<ISA id="1706145773959_isa198" parent="雪崩（なだれ）" child="氷破片なだれ（IceAvalanche）" />
<ISA id="1706145773959_isa199" parent="生息地破壊" child="森林伐採" />
<ISA id="1706145773959_isa200" parent="生息地破壊" child="湿地干拓" />
<ISA id="1706145773959_isa201" parent="生息地破壊" child="都市開発" />
<ISA id="1706145773959_isa202" parent="環境汚染" child="空気汚染" />
<ISA id="1706145773959_isa203" parent="環境汚染" child="水質汚染" />
<ISA id="1706145773959_isa204" parent="環境汚染" child="土壌汚染" />
<ISA id="1706145773959_isa205" parent="気候変動" child="気温上昇" />
<ISA id="1706145773959_isa206" parent="気候変動" child="海面上昇" />
<ISA id="1706145773959_isa207" parent="生息地喪失" child="農地拡大" />
<ISA id="1706145773959_isa208" parent="過剰採取" child="乱獲(Overhunting)" />
<ISA id="1706145773959_isa209" parent="過剰採取" child="過剰漁獲(Overfishing)" />
<ISA id="1706145773959_isa210" parent="過剰採取" child="林業過剰伐採(Overlogging)" />
<ISA id="1706145773959_isa211" parent="外来種の侵入" child="自然拡散" />
<ISA id="1706145773959_isa212" parent="外来種の侵入" child="人為的導入" />
<ISA id="1706145773959_isa213" parent="外来種の侵入" child="遺伝子交雑" />
<ISA id="1706145773959_isa214" parent="生態系の物質生産低下" child="土壌劣化" />
<ISA id="1706145773959_isa215" parent="生態系の物質生産低下" child="大気汚染" />
<ISA id="1706145773959_isa216" parent="生物多様性の喪失" child="侵略的外来種" />
<ISA id="1706145773959_isa217" parent="生物多様性の喪失" child="オーバーエクスプロイテーション" />
<ISA id="1706145773959_isa218" parent="生態系の浄化能力低下" child="汚染物質の累積" />
<ISA id="1706145773959_isa219" parent="生態系の浄化能力低下" child="生物多様性の損失" />
<ISA id="1706145773959_isa220" parent="生態系の浄化能力低下" child="自然浄化プロセスの阻害" />
</W_CONCEPTS>
<R_CONCEPTS>
<CANVAS_SIZE w="2000" h="3000" />
</R_CONCEPTS>
<PRINTER>
<PAGE_SETTINGS header="true" footer="true" cropmarks="true" scale="100" />
<PAGE_FORMAT w="595.1905511811024" h="841.8047244094488" iw="451.19055118110236" ih="697.8047244094488" ix="72.0" iy="72.0" />
<PRINTER_SETTINGS orientation="1" printername="EPSON EP-883A Series" />
</PRINTER>
</OE_FILE>
