<?xml version="1.0" encoding="UTF-8"?>
<OE_FILE filename="評価用家具深さ5幅3isaonly.xml" ont_id="1706145966661ont" >
<FILENAME_ONT>評価用家具深さ5幅3isaonly.xml</FILENAME_ONT>
<W_CONCEPTS>
<CANVAS_SIZE w="2000" h="107185" x="0" y="0" />
<CONCEPT id="1706145966661_n0" >
<LABEL>Any</LABEL>
<SUB_LABELS>
</SUB_LABELS>
<POS x="10" y="10"/>
<RELATIONS>
</RELATIONS>
</CONCEPT>
<CONCEPT id="1706145966661_n1" >
<LABEL>家具</LABEL>
<SUB_LABELS>
</SUB_LABELS>
<POS x="10" y="51"/>
<RELATIONS>
</RELATIONS>
</CONCEPT>
<CONCEPT id="1706145966661_n2" >
<LABEL>ソファ</LABEL>
<SUB_LABELS>
</SUB_LABELS>
<POS x="10" y="379"/>
<RELATIONS>
</RELATIONS>
</CONCEPT>
<CONCEPT id="1706145966661_n3" >
<LABEL>机（デスク）</LABEL>
<SUB_LABELS>
</SUB_LABELS>
<POS x="10" y="461"/>
<RELATIONS>
</RELATIONS>
</CONCEPT>
<CONCEPT id="1706145966661_n4" >
<LABEL>棚（シェルフ）</LABEL>
<SUB_LABELS>
</SUB_LABELS>
<POS x="10" y="543"/>
<RELATIONS>
</RELATIONS>
</CONCEPT>
<CONCEPT id="1706145966661_n5" >
<LABEL>ラブシート</LABEL>
<SUB_LABELS>
</SUB_LABELS>
<POS x="10" y="625"/>
<RELATIONS>
</RELATIONS>
</CONCEPT>
<CONCEPT id="1706145966661_n6" >
<LABEL>リクライニングソファ</LABEL>
<SUB_LABELS>
</SUB_LABELS>
<POS x="10" y="707"/>
<RELATIONS>
</RELATIONS>
</CONCEPT>
<CONCEPT id="1706145966661_n7" >
<LABEL>コーナーソファ</LABEL>
<SUB_LABELS>
</SUB_LABELS>
<POS x="10" y="789"/>
<RELATIONS>
</RELATIONS>
</CONCEPT>
<CONCEPT id="1706145966661_n8" >
<LABEL>エグゼクティブデスク</LABEL>
<SUB_LABELS>
</SUB_LABELS>
<POS x="10" y="871"/>
<RELATIONS>
</RELATIONS>
</CONCEPT>
<CONCEPT id="1706145966661_n9" >
<LABEL>ライティングデスク</LABEL>
<SUB_LABELS>
</SUB_LABELS>
<POS x="10" y="953"/>
<RELATIONS>
</RELATIONS>
</CONCEPT>
<CONCEPT id="1706145966661_n10" >
<LABEL>コンピューターデスク</LABEL>
<SUB_LABELS>
</SUB_LABELS>
<POS x="10" y="1035"/>
<RELATIONS>
</RELATIONS>
</CONCEPT>
<CONCEPT id="1706145966661_n11" >
<LABEL>ブックシェルフ</LABEL>
<SUB_LABELS>
</SUB_LABELS>
<POS x="10" y="1117"/>
<RELATIONS>
</RELATIONS>
</CONCEPT>
<CONCEPT id="1706145966661_n12" >
<LABEL>フローティングシェルフ</LABEL>
<SUB_LABELS>
</SUB_LABELS>
<POS x="10" y="1199"/>
<RELATIONS>
</RELATIONS>
</CONCEPT>
<CONCEPT id="1706145966661_n13" >
<LABEL>コーナーシェルフ</LABEL>
<SUB_LABELS>
</SUB_LABELS>
<POS x="10" y="1281"/>
<RELATIONS>
</RELATIONS>
</CONCEPT>
<CONCEPT id="1706145966661_n14" >
<LABEL>ラブシートタイプA</LABEL>
<SUB_LABELS>
</SUB_LABELS>
<POS x="10" y="1363"/>
<RELATIONS>
</RELATIONS>
</CONCEPT>
<CONCEPT id="1706145966661_n15" >
<LABEL>ラブシートタイプB</LABEL>
<SUB_LABELS>
</SUB_LABELS>
<POS x="10" y="1445"/>
<RELATIONS>
</RELATIONS>
</CONCEPT>
<CONCEPT id="1706145966661_n16" >
<LABEL>ラブシートタイプC</LABEL>
<SUB_LABELS>
</SUB_LABELS>
<POS x="10" y="1527"/>
<RELATIONS>
</RELATIONS>
</CONCEPT>
<CONCEPT id="1706145966661_n17" >
<LABEL>パワーリクライニングソファ</LABEL>
<SUB_LABELS>
</SUB_LABELS>
<POS x="10" y="1609"/>
<RELATIONS>
</RELATIONS>
</CONCEPT>
<CONCEPT id="1706145966661_n18" >
<LABEL>マニュアルリクライニングソファ</LABEL>
<SUB_LABELS>
</SUB_LABELS>
<POS x="10" y="1691"/>
<RELATIONS>
</RELATIONS>
</CONCEPT>
<CONCEPT id="1706145966661_n19" >
<LABEL>セクショナルリクライニングソファ</LABEL>
<SUB_LABELS>
</SUB_LABELS>
<POS x="10" y="1773"/>
<RELATIONS>
</RELATIONS>
</CONCEPT>
<CONCEPT id="1706145966661_n20" >
<LABEL>セクショナルソファ</LABEL>
<SUB_LABELS>
</SUB_LABELS>
<POS x="10" y="1855"/>
<RELATIONS>
</RELATIONS>
</CONCEPT>
<CONCEPT id="1706145966661_n21" >
<LABEL>リクライニングコーナーソファ</LABEL>
<SUB_LABELS>
</SUB_LABELS>
<POS x="10" y="1937"/>
<RELATIONS>
</RELATIONS>
</CONCEPT>
<CONCEPT id="1706145966661_n22" >
<LABEL>モジュラーコーナーソファ</LABEL>
<SUB_LABELS>
</SUB_LABELS>
<POS x="10" y="2019"/>
<RELATIONS>
</RELATIONS>
</CONCEPT>
<CONCEPT id="1706145966661_n23" >
<LABEL>コーナーデスク</LABEL>
<SUB_LABELS>
</SUB_LABELS>
<POS x="10" y="2101"/>
<RELATIONS>
</RELATIONS>
</CONCEPT>
<CONCEPT id="1706145966661_n24" >
<LABEL>シークレタリーデスク</LABEL>
<SUB_LABELS>
</SUB_LABELS>
<POS x="10" y="2183"/>
<RELATIONS>
</RELATIONS>
</CONCEPT>
<CONCEPT id="1706145966661_n25" >
<LABEL>スタンディングデスク</LABEL>
<SUB_LABELS>
</SUB_LABELS>
<POS x="10" y="2265"/>
<RELATIONS>
</RELATIONS>
</CONCEPT>
<CONCEPT id="1706145966661_n26" >
<LABEL>ゲーミングデスク</LABEL>
<SUB_LABELS>
</SUB_LABELS>
<POS x="10" y="2347"/>
<RELATIONS>
</RELATIONS>
</CONCEPT>
<CONCEPT id="1706145966661_n27" >
<LABEL>ラダーシェルフ</LABEL>
<SUB_LABELS>
</SUB_LABELS>
<POS x="10" y="2429"/>
<RELATIONS>
</RELATIONS>
</CONCEPT>
<CONCEPT id="1706145966661_n28" >
<LABEL>コーナーフローティングシェルフ</LABEL>
<SUB_LABELS>
</SUB_LABELS>
<POS x="10" y="2511"/>
<RELATIONS>
</RELATIONS>
</CONCEPT>
<CONCEPT id="1706145966661_n29" >
<LABEL>壁掛けフローティングシェルフ</LABEL>
<SUB_LABELS>
</SUB_LABELS>
<POS x="10" y="2593"/>
<RELATIONS>
</RELATIONS>
</CONCEPT>
<CONCEPT id="1706145966661_n30" >
<LABEL>引き出し付きフローティングシェルフ</LABEL>
<SUB_LABELS>
</SUB_LABELS>
<POS x="10" y="2675"/>
<RELATIONS>
</RELATIONS>
</CONCEPT>
<CONCEPT id="1706145966661_n31" >
<LABEL>ウォールマウントシェルフ</LABEL>
<SUB_LABELS>
</SUB_LABELS>
<POS x="10" y="2757"/>
<RELATIONS>
</RELATIONS>
</CONCEPT>
<CONCEPT id="1706145966661_n32" >
<LABEL>フリースタンディングシェルフ</LABEL>
<SUB_LABELS>
</SUB_LABELS>
<POS x="10" y="2839"/>
<RELATIONS>
</RELATIONS>
</CONCEPT>
<CONCEPT id="1706145966661_n33" >
<LABEL>スタンダードラブシート</LABEL>
<SUB_LABELS>
</SUB_LABELS>
<POS x="10" y="2921"/>
<RELATIONS>
</RELATIONS>
</CONCEPT>
<CONCEPT id="1706145966661_n34" >
<LABEL>リクライニングラブシート</LABEL>
<SUB_LABELS>
</SUB_LABELS>
<POS x="10" y="3003"/>
<RELATIONS>
</RELATIONS>
</CONCEPT>
<CONCEPT id="1706145966661_n35" >
<LABEL>コンバーチブルラブシート</LABEL>
<SUB_LABELS>
</SUB_LABELS>
<POS x="10" y="3085"/>
<RELATIONS>
</RELATIONS>
</CONCEPT>
<CONCEPT id="1706145966661_n36" >
<LABEL>コンパクトラブシートB</LABEL>
<SUB_LABELS>
</SUB_LABELS>
<POS x="10" y="3167"/>
<RELATIONS>
</RELATIONS>
</CONCEPT>
<CONCEPT id="1706145966661_n37" >
<LABEL>ラグジュアリーラブシートB</LABEL>
<SUB_LABELS>
</SUB_LABELS>
<POS x="10" y="3249"/>
<RELATIONS>
</RELATIONS>
</CONCEPT>
<CONCEPT id="1706145966661_n38" >
<LABEL>モダンラブシートB</LABEL>
<SUB_LABELS>
</SUB_LABELS>
<POS x="10" y="3331"/>
<RELATIONS>
</RELATIONS>
</CONCEPT>
<CONCEPT id="1706145966661_n39" >
<LABEL>カップル用ラブシート</LABEL>
<SUB_LABELS>
</SUB_LABELS>
<POS x="10" y="3413"/>
<RELATIONS>
</RELATIONS>
</CONCEPT>
<CONCEPT id="1706145966661_n40" >
<LABEL>マッサージ機能付きラブシート</LABEL>
<SUB_LABELS>
</SUB_LABELS>
<POS x="10" y="3495"/>
<RELATIONS>
</RELATIONS>
</CONCEPT>
<CONCEPT id="1706145966661_n41" >
<LABEL>モジュラー式ラブシート</LABEL>
<SUB_LABELS>
</SUB_LABELS>
<POS x="10" y="3577"/>
<RELATIONS>
</RELATIONS>
</CONCEPT>
<CONCEPT id="1706145966661_n42" >
<LABEL>電動リクライニングソファ</LABEL>
<SUB_LABELS>
</SUB_LABELS>
<POS x="10" y="3659"/>
<RELATIONS>
</RELATIONS>
</CONCEPT>
<CONCEPT id="1706145966661_n43" >
<LABEL>マッサージ機能付きリクライニングソファ</LABEL>
<SUB_LABELS>
</SUB_LABELS>
<POS x="10" y="3741"/>
<RELATIONS>
</RELATIONS>
</CONCEPT>
<CONCEPT id="1706145966661_n44" >
<LABEL>ヒート機能付きリクライニングソファ</LABEL>
<SUB_LABELS>
</SUB_LABELS>
<POS x="10" y="3823"/>
<RELATIONS>
</RELATIONS>
</CONCEPT>
<CONCEPT id="1706145966661_n45" >
<LABEL>二人掛けマニュアルリクライニングソファ</LABEL>
<SUB_LABELS>
</SUB_LABELS>
<POS x="10" y="3905"/>
<RELATIONS>
</RELATIONS>
</CONCEPT>
<CONCEPT id="1706145966661_n46" >
<LABEL>三人掛けマニュアルリクライニングソファ</LABEL>
<SUB_LABELS>
</SUB_LABELS>
<POS x="10" y="3987"/>
<RELATIONS>
</RELATIONS>
</CONCEPT>
<CONCEPT id="1706145966661_n47" >
<LABEL>コーナーマニュアルリクライニングソファ</LABEL>
<SUB_LABELS>
</SUB_LABELS>
<POS x="10" y="4069"/>
<RELATIONS>
</RELATIONS>
</CONCEPT>
<CONCEPT id="1706145966661_n48" >
<LABEL>L字型セクショナルリクライニングソファ</LABEL>
<SUB_LABELS>
</SUB_LABELS>
<POS x="10" y="4151"/>
<RELATIONS>
</RELATIONS>
</CONCEPT>
<CONCEPT id="1706145966661_n49" >
<LABEL>モジュール式セクショナルリクライニングソファ</LABEL>
<SUB_LABELS>
</SUB_LABELS>
<POS x="10" y="4233"/>
<RELATIONS>
</RELATIONS>
</CONCEPT>
<CONCEPT id="1706145966661_n50" >
<LABEL>パワーリクライニングセクショナルソファ</LABEL>
<SUB_LABELS>
</SUB_LABELS>
<POS x="10" y="4315"/>
<RELATIONS>
</RELATIONS>
</CONCEPT>
<CONCEPT id="1706145966661_n51" >
<LABEL>リクライニングセクショナルソファ</LABEL>
<SUB_LABELS>
</SUB_LABELS>
<POS x="10" y="4397"/>
<RELATIONS>
</RELATIONS>
</CONCEPT>
<CONCEPT id="1706145966661_n52" >
<LABEL>モジュラーセクショナルソファ</LABEL>
<SUB_LABELS>
</SUB_LABELS>
<POS x="10" y="4479"/>
<RELATIONS>
</RELATIONS>
</CONCEPT>
<CONCEPT id="1706145966661_n53" >
<LABEL>コーナーセクショナルソファ</LABEL>
<SUB_LABELS>
</SUB_LABELS>
<POS x="10" y="4561"/>
<RELATIONS>
</RELATIONS>
</CONCEPT>
<CONCEPT id="1706145966661_n54" >
<LABEL>電動リクライニングコーナーソファ</LABEL>
<SUB_LABELS>
</SUB_LABELS>
<POS x="10" y="4643"/>
<RELATIONS>
</RELATIONS>
</CONCEPT>
<CONCEPT id="1706145966661_n55" >
<LABEL>マニュアルリクライニングコーナーソファ</LABEL>
<SUB_LABELS>
</SUB_LABELS>
<POS x="10" y="4725"/>
<RELATIONS>
</RELATIONS>
</CONCEPT>
<CONCEPT id="1706145966661_n56" >
<LABEL>モジュラーリクライニングコーナーソファ</LABEL>
<SUB_LABELS>
</SUB_LABELS>
<POS x="10" y="4807"/>
<RELATIONS>
</RELATIONS>
</CONCEPT>
<CONCEPT id="1706145966661_n57" >
<LABEL>L字型コーナーソファ</LABEL>
<SUB_LABELS>
</SUB_LABELS>
<POS x="10" y="4889"/>
<RELATIONS>
</RELATIONS>
</CONCEPT>
<CONCEPT id="1706145966661_n58" >
<LABEL>対面式コーナーソファ</LABEL>
<SUB_LABELS>
</SUB_LABELS>
<POS x="10" y="4971"/>
<RELATIONS>
</RELATIONS>
</CONCEPT>
<CONCEPT id="1706145966661_n59" >
<LABEL>ベッド機能付きコーナーソファ</LABEL>
<SUB_LABELS>
</SUB_LABELS>
<POS x="10" y="5053"/>
<RELATIONS>
</RELATIONS>
</CONCEPT>
<CONCEPT id="1706145966661_n60" >
<LABEL>L字型デスク</LABEL>
<SUB_LABELS>
</SUB_LABELS>
<POS x="10" y="5135"/>
<RELATIONS>
</RELATIONS>
</CONCEPT>
<CONCEPT id="1706145966661_n61" >
<LABEL>三角コーナーデスク</LABEL>
<SUB_LABELS>
</SUB_LABELS>
<POS x="10" y="5217"/>
<RELATIONS>
</RELATIONS>
</CONCEPT>
<CONCEPT id="1706145966661_n62" >
<LABEL>カーブコーナーデスク</LABEL>
<SUB_LABELS>
</SUB_LABELS>
<POS x="10" y="5299"/>
<RELATIONS>
</RELATIONS>
</CONCEPT>
<CONCEPT id="1706145966661_n63" >
<LABEL>ロールトップデスク</LABEL>
<SUB_LABELS>
</SUB_LABELS>
<POS x="10" y="5381"/>
<RELATIONS>
</RELATIONS>
</CONCEPT>
<CONCEPT id="1706145966661_n64" >
<LABEL>バタフライデスク</LABEL>
<SUB_LABELS>
</SUB_LABELS>
<POS x="10" y="5463"/>
<RELATIONS>
</RELATIONS>
</CONCEPT>
<CONCEPT id="1706145966661_n65" >
<LABEL>エスクリトワールデスク</LABEL>
<SUB_LABELS>
</SUB_LABELS>
<POS x="10" y="5545"/>
<RELATIONS>
</RELATIONS>
</CONCEPT>
<CONCEPT id="1706145966661_n66" >
<LABEL>電動式スタンディングデスク</LABEL>
<SUB_LABELS>
</SUB_LABELS>
<POS x="10" y="5627"/>
<RELATIONS>
</RELATIONS>
</CONCEPT>
<CONCEPT id="1706145966661_n67" >
<LABEL>手動式スタンディングデスク</LABEL>
<SUB_LABELS>
</SUB_LABELS>
<POS x="10" y="5709"/>
<RELATIONS>
</RELATIONS>
</CONCEPT>
<CONCEPT id="1706145966661_n68" >
<LABEL>コンバータブルスタンディングデスク</LABEL>
<SUB_LABELS>
</SUB_LABELS>
<POS x="10" y="5791"/>
<RELATIONS>
</RELATIONS>
</CONCEPT>
<CONCEPT id="1706145966661_n69" >
<LABEL>RGB照明付きゲーミングデスク</LABEL>
<SUB_LABELS>
</SUB_LABELS>
<POS x="10" y="5873"/>
<RELATIONS>
</RELATIONS>
</CONCEPT>
<CONCEPT id="1706145966661_n70" >
<LABEL>高さ調節可能ゲーミングデスク</LABEL>
<SUB_LABELS>
</SUB_LABELS>
<POS x="10" y="5955"/>
<RELATIONS>
</RELATIONS>
</CONCEPT>
<CONCEPT id="1706145966661_n71" >
<LABEL>コーナータイプゲーミングデスク</LABEL>
<SUB_LABELS>
</SUB_LABELS>
<POS x="10" y="6037"/>
<RELATIONS>
</RELATIONS>
</CONCEPT>
<CONCEPT id="1706145966661_n72" >
<LABEL>コーナーラダーシェルフ</LABEL>
<SUB_LABELS>
</SUB_LABELS>
<POS x="10" y="6119"/>
<RELATIONS>
</RELATIONS>
</CONCEPT>
<CONCEPT id="1706145966661_n73" >
<LABEL>浮遊ラダーシェルフ</LABEL>
<SUB_LABELS>
</SUB_LABELS>
<POS x="10" y="6201"/>
<RELATIONS>
</RELATIONS>
</CONCEPT>
<CONCEPT id="1706145966661_n74" >
<LABEL>折りたたみラダーシェルフ</LABEL>
<SUB_LABELS>
</SUB_LABELS>
<POS x="10" y="6283"/>
<RELATIONS>
</RELATIONS>
</CONCEPT>
<CONCEPT id="1706145966661_n75" >
<LABEL>ランナー形コーナーシェルフ</LABEL>
<SUB_LABELS>
</SUB_LABELS>
<POS x="10" y="6365"/>
<RELATIONS>
</RELATIONS>
</CONCEPT>
<CONCEPT id="1706145966661_n76" >
<LABEL>階層型コーナーシェルフ</LABEL>
<SUB_LABELS>
</SUB_LABELS>
<POS x="10" y="6447"/>
<RELATIONS>
</RELATIONS>
</CONCEPT>
<CONCEPT id="1706145966661_n77" >
<LABEL>斜めブラケットコーナーシェルフ</LABEL>
<SUB_LABELS>
</SUB_LABELS>
<POS x="10" y="6529"/>
<RELATIONS>
</RELATIONS>
</CONCEPT>
<CONCEPT id="1706145966661_n78" >
<LABEL>キューブフローティングシェルフ</LABEL>
<SUB_LABELS>
</SUB_LABELS>
<POS x="10" y="6611"/>
<RELATIONS>
</RELATIONS>
</CONCEPT>
<CONCEPT id="1706145966661_n79" >
<LABEL>木製フローティングシェルフ</LABEL>
<SUB_LABELS>
</SUB_LABELS>
<POS x="10" y="6693"/>
<RELATIONS>
</RELATIONS>
</CONCEPT>
<CONCEPT id="1706145966661_n80" >
<LABEL>壁掛け引き出し付き本棚</LABEL>
<SUB_LABELS>
</SUB_LABELS>
<POS x="10" y="6775"/>
<RELATIONS>
</RELATIONS>
</CONCEPT>
<CONCEPT id="1706145966661_n81" >
<LABEL>ナイトスタンド型フローティングシェルフ</LABEL>
<SUB_LABELS>
</SUB_LABELS>
<POS x="10" y="6857"/>
<RELATIONS>
</RELATIONS>
</CONCEPT>
<CONCEPT id="1706145966661_n82" >
<LABEL>装飾的引き出し付きディスプレイ棚</LABEL>
<SUB_LABELS>
</SUB_LABELS>
<POS x="10" y="6939"/>
<RELATIONS>
</RELATIONS>
</CONCEPT>
<CONCEPT id="1706145966661_n83" >
<LABEL>キッチンラック</LABEL>
<SUB_LABELS>
</SUB_LABELS>
<POS x="10" y="7021"/>
<RELATIONS>
</RELATIONS>
</CONCEPT>
<CONCEPT id="1706145966661_n84" >
<LABEL>ディスプレイシェルフ</LABEL>
<SUB_LABELS>
</SUB_LABELS>
<POS x="10" y="7103"/>
<RELATIONS>
</RELATIONS>
</CONCEPT>
<ISA id="1706145966661_isa85" parent="Any" child="家具" />
<ISA id="1706145966661_isa86" parent="家具" child="ソファ" />
<ISA id="1706145966661_isa87" parent="家具" child="机（デスク）" />
<ISA id="1706145966661_isa88" parent="家具" child="棚（シェルフ）" />
<ISA id="1706145966661_isa89" parent="ソファ" child="ラブシート" />
<ISA id="1706145966661_isa90" parent="ソファ" child="リクライニングソファ" />
<ISA id="1706145966661_isa91" parent="ソファ" child="コーナーソファ" />
<ISA id="1706145966661_isa92" parent="机（デスク）" child="エグゼクティブデスク" />
<ISA id="1706145966661_isa93" parent="机（デスク）" child="ライティングデスク" />
<ISA id="1706145966661_isa94" parent="机（デスク）" child="コンピューターデスク" />
<ISA id="1706145966661_isa95" parent="棚（シェルフ）" child="ブックシェルフ" />
<ISA id="1706145966661_isa96" parent="棚（シェルフ）" child="フローティングシェルフ" />
<ISA id="1706145966661_isa97" parent="棚（シェルフ）" child="コーナーシェルフ" />
<ISA id="1706145966661_isa98" parent="ラブシート" child="ラブシートタイプA" />
<ISA id="1706145966661_isa99" parent="ラブシート" child="ラブシートタイプB" />
<ISA id="1706145966661_isa100" parent="ラブシート" child="ラブシートタイプC" />
<ISA id="1706145966661_isa101" parent="リクライニングソファ" child="パワーリクライニングソファ" />
<ISA id="1706145966661_isa102" parent="リクライニングソファ" child="マニュアルリクライニングソファ" />
<ISA id="1706145966661_isa103" parent="リクライニングソファ" child="セクショナルリクライニングソファ" />
<ISA id="1706145966661_isa104" parent="コーナーソファ" child="セクショナルソファ" />
<ISA id="1706145966661_isa105" parent="コーナーソファ" child="リクライニングコーナーソファ" />
<ISA id="1706145966661_isa106" parent="コーナーソファ" child="モジュラーコーナーソファ" />
<ISA id="1706145966661_isa107" parent="エグゼクティブデスク" child="コーナーデスク" />
<ISA id="1706145966661_isa108" parent="ライティングデスク" child="シークレタリーデスク" />
<ISA id="1706145966661_isa109" parent="コンピューターデスク" child="スタンディングデスク" />
<ISA id="1706145966661_isa110" parent="コンピューターデスク" child="ゲーミングデスク" />
<ISA id="1706145966661_isa111" parent="ブックシェルフ" child="ラダーシェルフ" />
<ISA id="1706145966661_isa112" parent="フローティングシェルフ" child="コーナーフローティングシェルフ" />
<ISA id="1706145966661_isa113" parent="フローティングシェルフ" child="壁掛けフローティングシェルフ" />
<ISA id="1706145966661_isa114" parent="フローティングシェルフ" child="引き出し付きフローティングシェルフ" />
<ISA id="1706145966661_isa115" parent="コーナーシェルフ" child="ウォールマウントシェルフ" />
<ISA id="1706145966661_isa116" parent="コーナーシェルフ" child="フリースタンディングシェルフ" />
<ISA id="1706145966661_isa117" parent="ラブシートタイプA" child="スタンダードラブシート" />
<ISA id="1706145966661_isa118" parent="ラブシートタイプA" child="リクライニングラブシート" />
<ISA id="1706145966661_isa119" parent="ラブシートタイプA" child="コンバーチブルラブシート" />
<ISA id="1706145966661_isa120" parent="ラブシートタイプB" child="コンパクトラブシートB" />
<ISA id="1706145966661_isa121" parent="ラブシートタイプB" child="ラグジュアリーラブシートB" />
<ISA id="1706145966661_isa122" parent="ラブシートタイプB" child="モダンラブシートB" />
<ISA id="1706145966661_isa123" parent="ラブシートタイプC" child="カップル用ラブシート" />
<ISA id="1706145966661_isa124" parent="ラブシートタイプC" child="マッサージ機能付きラブシート" />
<ISA id="1706145966661_isa125" parent="ラブシートタイプC" child="モジュラー式ラブシート" />
<ISA id="1706145966661_isa126" parent="パワーリクライニングソファ" child="電動リクライニングソファ" />
<ISA id="1706145966661_isa127" parent="パワーリクライニングソファ" child="マッサージ機能付きリクライニングソファ" />
<ISA id="1706145966661_isa128" parent="パワーリクライニングソファ" child="ヒート機能付きリクライニングソファ" />
<ISA id="1706145966661_isa129" parent="マニュアルリクライニングソファ" child="二人掛けマニュアルリクライニングソファ" />
<ISA id="1706145966661_isa130" parent="マニュアルリクライニングソファ" child="三人掛けマニュアルリクライニングソファ" />
<ISA id="1706145966661_isa131" parent="マニュアルリクライニングソファ" child="コーナーマニュアルリクライニングソファ" />
<ISA id="1706145966661_isa132" parent="セクショナルリクライニングソファ" child="L字型セクショナルリクライニングソファ" />
<ISA id="1706145966661_isa133" parent="セクショナルリクライニングソファ" child="モジュール式セクショナルリクライニングソファ" />
<ISA id="1706145966661_isa134" parent="セクショナルリクライニングソファ" child="パワーリクライニングセクショナルソファ" />
<ISA id="1706145966661_isa135" parent="セクショナルソファ" child="リクライニングセクショナルソファ" />
<ISA id="1706145966661_isa136" parent="セクショナルソファ" child="モジュラーセクショナルソファ" />
<ISA id="1706145966661_isa137" parent="セクショナルソファ" child="コーナーセクショナルソファ" />
<ISA id="1706145966661_isa138" parent="リクライニングコーナーソファ" child="電動リクライニングコーナーソファ" />
<ISA id="1706145966661_isa139" parent="リクライニングコーナーソファ" child="マニュアルリクライニングコーナーソファ" />
<ISA id="1706145966661_isa140" parent="リクライニングコーナーソファ" child="モジュラーリクライニングコーナーソファ" />
<ISA id="1706145966661_isa141" parent="モジュラーコーナーソファ" child="L字型コーナーソファ" />
<ISA id="1706145966661_isa142" parent="モジュラーコーナーソファ" child="対面式コーナーソファ" />
<ISA id="1706145966661_isa143" parent="モジュラーコーナーソファ" child="ベッド機能付きコーナーソファ" />
<ISA id="1706145966661_isa144" parent="コーナーデスク" child="L字型デスク" />
<ISA id="1706145966661_isa145" parent="コーナーデスク" child="三角コーナーデスク" />
<ISA id="1706145966661_isa146" parent="コーナーデスク" child="カーブコーナーデスク" />
<ISA id="1706145966661_isa147" parent="シークレタリーデスク" child="ロールトップデスク" />
<ISA id="1706145966661_isa148" parent="シークレタリーデスク" child="バタフライデスク" />
<ISA id="1706145966661_isa149" parent="シークレタリーデスク" child="エスクリトワールデスク" />
<ISA id="1706145966661_isa150" parent="スタンディングデスク" child="電動式スタンディングデスク" />
<ISA id="1706145966661_isa151" parent="スタンディングデスク" child="手動式スタンディングデスク" />
<ISA id="1706145966661_isa152" parent="スタンディングデスク" child="コンバータブルスタンディングデスク" />
<ISA id="1706145966661_isa153" parent="ゲーミングデスク" child="RGB照明付きゲーミングデスク" />
<ISA id="1706145966661_isa154" parent="ゲーミングデスク" child="高さ調節可能ゲーミングデスク" />
<ISA id="1706145966661_isa155" parent="ゲーミングデスク" child="コーナータイプゲーミングデスク" />
<ISA id="1706145966661_isa156" parent="ラダーシェルフ" child="コーナーラダーシェルフ" />
<ISA id="1706145966661_isa157" parent="ラダーシェルフ" child="浮遊ラダーシェルフ" />
<ISA id="1706145966661_isa158" parent="ラダーシェルフ" child="折りたたみラダーシェルフ" />
<ISA id="1706145966661_isa159" parent="コーナーフローティングシェルフ" child="ランナー形コーナーシェルフ" />
<ISA id="1706145966661_isa160" parent="コーナーフローティングシェルフ" child="階層型コーナーシェルフ" />
<ISA id="1706145966661_isa161" parent="コーナーフローティングシェルフ" child="斜めブラケットコーナーシェルフ" />
<ISA id="1706145966661_isa162" parent="壁掛けフローティングシェルフ" child="キューブフローティングシェルフ" />
<ISA id="1706145966661_isa163" parent="壁掛けフローティングシェルフ" child="木製フローティングシェルフ" />
<ISA id="1706145966661_isa164" parent="引き出し付きフローティングシェルフ" child="壁掛け引き出し付き本棚" />
<ISA id="1706145966661_isa165" parent="引き出し付きフローティングシェルフ" child="ナイトスタンド型フローティングシェルフ" />
<ISA id="1706145966661_isa166" parent="引き出し付きフローティングシェルフ" child="装飾的引き出し付きディスプレイ棚" />
<ISA id="1706145966661_isa167" parent="ウォールマウントシェルフ" child="キッチンラック" />
<ISA id="1706145966661_isa168" parent="フリースタンディングシェルフ" child="ディスプレイシェルフ" />
</W_CONCEPTS>
<R_CONCEPTS>
<CANVAS_SIZE w="2000" h="3000" />
</R_CONCEPTS>
<PRINTER>
<PAGE_SETTINGS header="true" footer="true" cropmarks="true" scale="100" />
<PAGE_FORMAT w="595.1905511811024" h="841.8047244094488" iw="451.19055118110236" ih="697.8047244094488" ix="72.0" iy="72.0" />
<PRINTER_SETTINGS orientation="1" printername="EPSON EP-883A Series" />
</PRINTER>
</OE_FILE>
