<?xml version="1.0" encoding="UTF-8"?>
<OE_FILE filename="評価用家具深さ2幅30isaonly.xml" ont_id="1706092624560ont" >
<FILENAME_ONT>評価用家具深さ2幅30isaonly.xml</FILENAME_ONT>
<W_CONCEPTS>
<CANVAS_SIZE w="2000" h="105053" x="0" y="0" />
<CONCEPT id="1706092624560_n0" >
<LABEL>Any</LABEL>
<SUB_LABELS>
</SUB_LABELS>
<POS x="10" y="10"/>
<RELATIONS>
</RELATIONS>
</CONCEPT>
<CONCEPT id="1706092624560_n1" >
<LABEL>家具</LABEL>
<SUB_LABELS>
</SUB_LABELS>
<POS x="78" y="35"/>
<RELATIONS>
</RELATIONS>
</CONCEPT>
<CONCEPT id="1706092624560_n2" >
<LABEL>テーブル</LABEL>
<SUB_LABELS>
</SUB_LABELS>
<POS x="148" y="60"/>
<RELATIONS>
</RELATIONS>
</CONCEPT>
<CONCEPT id="1706092624560_n3" >
<LABEL>椅子</LABEL>
<SUB_LABELS>
</SUB_LABELS>
<POS x="148" y="110"/>
<RELATIONS>
</RELATIONS>
</CONCEPT>
<CONCEPT id="1706092624560_n4" >
<LABEL>ソファ</LABEL>
<SUB_LABELS>
</SUB_LABELS>
<POS x="148" y="160"/>
<RELATIONS>
</RELATIONS>
</CONCEPT>
<CONCEPT id="1706092624560_n5" >
<LABEL>ベッド</LABEL>
<SUB_LABELS>
</SUB_LABELS>
<POS x="148" y="210"/>
<RELATIONS>
</RELATIONS>
</CONCEPT>
<CONCEPT id="1706092624560_n6" >
<LABEL>棚</LABEL>
<SUB_LABELS>
</SUB_LABELS>
<POS x="148" y="260"/>
<RELATIONS>
</RELATIONS>
</CONCEPT>
<CONCEPT id="1706092624560_n7" >
<LABEL>キャビネット</LABEL>
<SUB_LABELS>
</SUB_LABELS>
<POS x="148" y="310"/>
<RELATIONS>
</RELATIONS>
</CONCEPT>
<CONCEPT id="1706092624560_n8" >
<LABEL>デスク</LABEL>
<SUB_LABELS>
</SUB_LABELS>
<POS x="148" y="360"/>
<RELATIONS>
</RELATIONS>
</CONCEPT>
<CONCEPT id="1706092624560_n9" >
<LABEL>コーヒーテーブル</LABEL>
<SUB_LABELS>
</SUB_LABELS>
<POS x="148" y="410"/>
<RELATIONS>
</RELATIONS>
</CONCEPT>
<CONCEPT id="1706092624560_n10" >
<LABEL>サイドテーブル</LABEL>
<SUB_LABELS>
</SUB_LABELS>
<POS x="148" y="460"/>
<RELATIONS>
</RELATIONS>
</CONCEPT>
<CONCEPT id="1706092624560_n11" >
<LABEL>書棚</LABEL>
<SUB_LABELS>
</SUB_LABELS>
<POS x="148" y="510"/>
<RELATIONS>
</RELATIONS>
</CONCEPT>
<CONCEPT id="1706092624560_n12" >
<LABEL>食器棚</LABEL>
<SUB_LABELS>
</SUB_LABELS>
<POS x="148" y="560"/>
<RELATIONS>
</RELATIONS>
</CONCEPT>
<CONCEPT id="1706092624560_n13" >
<LABEL>チェスト</LABEL>
<SUB_LABELS>
</SUB_LABELS>
<POS x="148" y="610"/>
<RELATIONS>
</RELATIONS>
</CONCEPT>
<CONCEPT id="1706092624560_n14" >
<LABEL>ワードローブ</LABEL>
<SUB_LABELS>
</SUB_LABELS>
<POS x="148" y="660"/>
<RELATIONS>
</RELATIONS>
</CONCEPT>
<CONCEPT id="1706092624560_n15" >
<LABEL>ナイトスタンド</LABEL>
<SUB_LABELS>
</SUB_LABELS>
<POS x="148" y="710"/>
<RELATIONS>
</RELATIONS>
</CONCEPT>
<CONCEPT id="1706092624560_n16" >
<LABEL>スツール</LABEL>
<SUB_LABELS>
</SUB_LABELS>
<POS x="148" y="760"/>
<RELATIONS>
</RELATIONS>
</CONCEPT>
<CONCEPT id="1706092624560_n17" >
<LABEL>オフィスチェア</LABEL>
<SUB_LABELS>
</SUB_LABELS>
<POS x="148" y="810"/>
<RELATIONS>
</RELATIONS>
</CONCEPT>
<CONCEPT id="1706092624560_n18" >
<LABEL>本棚</LABEL>
<SUB_LABELS>
</SUB_LABELS>
<POS x="148" y="860"/>
<RELATIONS>
</RELATIONS>
</CONCEPT>
<CONCEPT id="1706092624560_n19" >
<LABEL>リクライナー</LABEL>
<SUB_LABELS>
</SUB_LABELS>
<POS x="148" y="910"/>
<RELATIONS>
</RELATIONS>
</CONCEPT>
<CONCEPT id="1706092624560_n20" >
<LABEL>オットマン</LABEL>
<SUB_LABELS>
</SUB_LABELS>
<POS x="148" y="960"/>
<RELATIONS>
</RELATIONS>
</CONCEPT>
<CONCEPT id="1706092624560_n21" >
<LABEL>ダイニングセット</LABEL>
<SUB_LABELS>
</SUB_LABELS>
<POS x="148" y="1010"/>
<RELATIONS>
</RELATIONS>
</CONCEPT>
<CONCEPT id="1706092624560_n22" >
<LABEL>ドレッサー</LABEL>
<SUB_LABELS>
</SUB_LABELS>
<POS x="148" y="1060"/>
<RELATIONS>
</RELATIONS>
</CONCEPT>
<CONCEPT id="1706092624560_n23" >
<LABEL>テレビスタンド</LABEL>
<SUB_LABELS>
</SUB_LABELS>
<POS x="148" y="1110"/>
<RELATIONS>
</RELATIONS>
</CONCEPT>
<CONCEPT id="1706092624560_n24" >
<LABEL>屋外用家具</LABEL>
<SUB_LABELS>
</SUB_LABELS>
<POS x="148" y="1160"/>
<RELATIONS>
</RELATIONS>
</CONCEPT>
<CONCEPT id="1706092624560_n25" >
<LABEL>バーカウンター</LABEL>
<SUB_LABELS>
</SUB_LABELS>
<POS x="148" y="1210"/>
<RELATIONS>
</RELATIONS>
</CONCEPT>
<CONCEPT id="1706092624560_n26" >
<LABEL>シューズラック</LABEL>
<SUB_LABELS>
</SUB_LABELS>
<POS x="148" y="1260"/>
<RELATIONS>
</RELATIONS>
</CONCEPT>
<CONCEPT id="1706092624560_n27" >
<LABEL>バンケットチェア</LABEL>
<SUB_LABELS>
</SUB_LABELS>
<POS x="148" y="1310"/>
<RELATIONS>
</RELATIONS>
</CONCEPT>
<CONCEPT id="1706092624560_n28" >
<LABEL>コンソールテーブル</LABEL>
<SUB_LABELS>
</SUB_LABELS>
<POS x="148" y="1360"/>
<RELATIONS>
</RELATIONS>
</CONCEPT>
<CONCEPT id="1706092624560_n29" >
<LABEL>寝具セット（ヘッドボード、フットボード）</LABEL>
<SUB_LABELS>
</SUB_LABELS>
<POS x="148" y="1410"/>
<RELATIONS>
</RELATIONS>
</CONCEPT>
<CONCEPT id="1706092624560_n30" >
<LABEL>子供用家具</LABEL>
<SUB_LABELS>
</SUB_LABELS>
<POS x="148" y="1460"/>
<RELATIONS>
</RELATIONS>
</CONCEPT>
<CONCEPT id="1706092624560_n31" >
<LABEL>フトン</LABEL>
<SUB_LABELS>
</SUB_LABELS>
<POS x="148" y="1510"/>
<RELATIONS>
</RELATIONS>
</CONCEPT>
<ISA id="1706092624560_isa32" parent="Any" child="家具" />
<ISA id="1706092624560_isa33" parent="家具" child="テーブル" />
<ISA id="1706092624560_isa34" parent="家具" child="椅子" />
<ISA id="1706092624560_isa35" parent="家具" child="ソファ" />
<ISA id="1706092624560_isa36" parent="家具" child="ベッド" />
<ISA id="1706092624560_isa37" parent="家具" child="棚" />
<ISA id="1706092624560_isa38" parent="家具" child="キャビネット" />
<ISA id="1706092624560_isa39" parent="家具" child="デスク" />
<ISA id="1706092624560_isa40" parent="家具" child="コーヒーテーブル" />
<ISA id="1706092624560_isa41" parent="家具" child="サイドテーブル" />
<ISA id="1706092624560_isa42" parent="家具" child="書棚" />
<ISA id="1706092624560_isa43" parent="家具" child="食器棚" />
<ISA id="1706092624560_isa44" parent="家具" child="チェスト" />
<ISA id="1706092624560_isa45" parent="家具" child="ワードローブ" />
<ISA id="1706092624560_isa46" parent="家具" child="ナイトスタンド" />
<ISA id="1706092624560_isa47" parent="家具" child="スツール" />
<ISA id="1706092624560_isa48" parent="家具" child="オフィスチェア" />
<ISA id="1706092624560_isa49" parent="家具" child="本棚" />
<ISA id="1706092624560_isa50" parent="家具" child="リクライナー" />
<ISA id="1706092624560_isa51" parent="家具" child="オットマン" />
<ISA id="1706092624560_isa52" parent="家具" child="ダイニングセット" />
<ISA id="1706092624560_isa53" parent="家具" child="ドレッサー" />
<ISA id="1706092624560_isa54" parent="家具" child="テレビスタンド" />
<ISA id="1706092624560_isa55" parent="家具" child="屋外用家具" />
<ISA id="1706092624560_isa56" parent="家具" child="バーカウンター" />
<ISA id="1706092624560_isa57" parent="家具" child="シューズラック" />
<ISA id="1706092624560_isa58" parent="家具" child="バンケットチェア" />
<ISA id="1706092624560_isa59" parent="家具" child="コンソールテーブル" />
<ISA id="1706092624560_isa60" parent="家具" child="寝具セット（ヘッドボード、フットボード）" />
<ISA id="1706092624560_isa61" parent="家具" child="子供用家具" />
<ISA id="1706092624560_isa62" parent="家具" child="フトン" />
</W_CONCEPTS>
<R_CONCEPTS>
<CANVAS_SIZE w="2000" h="3000" />
</R_CONCEPTS>
<PRINTER>
<PAGE_SETTINGS header="true" footer="true" cropmarks="true" scale="100" />
<PAGE_FORMAT w="595.1905511811024" h="841.8047244094488" iw="451.19055118110236" ih="697.8047244094488" ix="72.0" iy="72.0" />
<PRINTER_SETTINGS orientation="1" printername="EPSON EP-883A Series" />
</PRINTER>
</OE_FILE>
